{"mean":{"confidence_interval":{"confidence_level":0.95,"lower_bound":-0.03811944875170253,"upper_bound":-0.025595830630380293},"point_estimate":-0.031722091320839585,"standard_error":0.003190753705942285},"median":{"confidence_interval":{"confidence_level":0.95,"lower_bound":-0.04245064840642521,"upper_bound":-0.0320057358569108},"point_estimate":-0.03691759062787814,"standard_error":0.002748013827679997}}