{"mean":{"confidence_interval":{"confidence_level":0.95,"lower_bound":-0.025527016352249594,"upper_bound":-0.015885379779677546},"point_estimate":-0.020860403483674017,"standard_error":0.0024571071785066006},"median":{"confidence_interval":{"confidence_level":0.95,"lower_bound":-0.02848306668674727,"upper_bound":-0.018516599142293866},"point_estimate":-0.023442458647887743,"standard_error":0.002649651591411836}}