{"mean":{"confidence_interval":{"confidence_level":0.95,"lower_bound":-0.015139997767275148,"upper_bound":-0.007959040132575815},"point_estimate":-0.011410244941978065,"standard_error":0.00185199277983158},"median":{"confidence_interval":{"confidence_level":0.95,"lower_bound":-0.01721146052213307,"upper_bound":-0.009101391448655516},"point_estimate":-0.013037999416563695,"standard_error":0.0021362143103600263}}